Group ,Gender,Age,PP Max baseline,PP Min baseline,PP Max experiment,PP Min experiment,Dual Task (in seconds) ,Mental Demand,Physical Demand,Temporal Demand,Performance,Effort,Frustration,Result, MC.1,MC.2,MC.3,MC.4,Control ,MC.6,MC.7,MC.8,MC.9,MC.10,MC.11, Post_Results,Post Order 
3,2,20,0.809,0.554,0.844,0.521,9.406,70,70,275,210,30,0,46,b,b,b,b,b,c,d,c,a,c,,7,1
4,2,20,0.749,0.22,0.828,0.397,7.748,240,70,0,280,340,25,68,c,b,b,b,b,,d,b,c,b,c,8,2
1,1,21,0.679,0.462,0.921,0.681,5.802,240,150,0,90,280,120,63,b,b,b,a,b,c,d,d,d,b,d,8,1
2,1,21,0.904,0.74,0.972,0.746,6.129,260,0,20,240,60,10,42,b,b,b,b,b,c,b,c,b,b,c,8,2
4,2,20,0.775,0.433,0.845,0.416,3.137,150,0,45,325,70,20,44,b,b,b,b,b,c,a,b,d,b,b,9,1
2,1,21,0.693,0.475,0.948,0.62,2.724,160,280,65,0,320,255,77,b,,,b,b,c,,,,,,4,2
1,2,22,0.797,0.639,0.962,0.797,6.836,150,255,40,195,360,0,71,b,b,b,b,b,c,d,a,c,,c,8,2
4,1,24,0.677,0.486,0.774,0.476,3.505,180,30,150,350,100,0,58,b,b,b,b,b,c,,d,a,,,6,2
3,1,25,0.958,0.841,0.98,0.723,4.565,75,50,0,80,90,60,25,b,b,b,b,b,c,,,c,b,,7,2
3,2,22,0.819,0.64,0.849,0.63,9.44,300,90,80,60,300,0,59,b,b,b,b,b,c,d,b,d,b,b,10,1
2,2,19,0.799,0.417,0.974,0.786,4.927,40,200,10,300,120,0,48,b,b,b,b,b,c,c,a,a,b,d,7,2
3,1,27,0.948,0.724,0.985,0.696,5.556,260,30,0,180,140,5,44,b,b,b,b,b,c,b,b,d,b,c,10,2
1,2,23,0.921,0.796,0.949,0.754,4.675,75,75,15,95,20,0,20,b,b,b,b,b,c,a,,d,b,c,9,1
1,2,21,0.61,0.423,0.972,0.839,3.819,0,195,40,140,320,240,67,b,b,b,b,b,c,,a,,,,6,1
2,1,24,0.888,0.787,0.967,0.824,4.147,105,40,300,70,150,0,48,b,b,b,b,b,c,d,,,b,,8,1
2,2,26,0.821,0.613,0.97,0.751,4.455,45,180,5,190,40,0,33,b,b,b,b,b,c,d,,c,b,c,9,2
1,2,22,0.796,0.623,0.889,0.554,5.977,110,360,0,25,280,135,65,b,,,b,b,,d,b,,,b,5,2
3,2,22,0.77,0.143,0.662,0.296,14.88,35,100,100,70,70,0,27,b,b,b,b,b,c,d,a,a,b,b,8,1
4,1,22,0.776,0.495,0.809,0.195,4.685,40,225,30,200,30,0,38,b,b,b,b,b,c,d,a,d,b,c,10,1
2,2,22,0.758,0.598,0.924,0.524,4.931,0,10,5,240,60,140,33,b,b,,b,b,c,d,,a,c,c,7,1
